<?xml version="1.0" encoding="UTF-8" standalone="no"?>
<schedule id="user2">
    <event>
        <name>event1</name>
        <time>
            <start-day>Monday</start-day>
            <start>900</start>
            <end-day>Tuesday</end-day>
            <end>900</end>
        </time>
        <location>
            <online>false</online>
            <place>b</place>
        </location>
        <users>
            <uid>user1</uid>
            <uid>user2</uid>
        </users>
    </event>
</schedule>
